PlayerID,PlayerName,Team,Season,GamesPlayed,AvgMinutes,Points,Rebounds,Assists,Steals,Blocks,Turnovers,FieldGoalPct,FreeThrowPct,ThreePointPct,ThreePointersMade,ThreePointAttempts,FieldGoalsMade,FieldGoalAttempts,FreeThrowsMade,FreeThrowAttempts,TrueShootingPct,UsageRate,Points_ZScore,Rebounds_ZScore,Assists_ZScore,Steals_ZScore,Blocks_ZScore,FieldGoalPct_ZScore,ThreePointersMade_ZScore,FreeThrowPct_ZScore,Turnovers_ZScore
203932,Aaron Gordon,ORL,2017-18,58,32.9,17.6,7.9,2.3,1.0,0.8,1.8,0.434,0.698,0.336,2.0,5.9,6.5,14.9,2.7,3.9,0.53,0.238,0.518532084242126,0.9319972005066189,-0.4773818329540149,-0.028182520319304235,0.4394231943119603,-0.4804618735723471,0.5787560592565212,-0.8108066556243405,-0.11390022268733448
201143,Al Horford,BOS,2017-18,72,31.6,12.9,7.4,4.7,0.6,1.1,1.8,0.489,0.783,0.429,1.3,3.1,5.1,10.5,1.3,1.7,0.575,0.183,-0.4046990408073259,0.7442919849930267,0.7012784881541728,-1.0364904695210782,1.0510698884118934,0.544716413291058,-0.23963550759680313,0.07332793260029052,-0.11390022268733448
202329,Al-Farouq Aminu,POR,2017-18,69,30.0,9.3,7.6,1.2,1.1,0.6,1.1,0.395,0.738,0.369,1.8,4.9,3.3,8.4,0.9,1.2,0.522,0.145,-1.1118547961643526,0.8193740711984633,-1.0176011467952675,0.22389446698113946,0.03165873157867143,-1.2074064769845796,0.3449298972984286,-0.39474331998922,-0.975413987577442
203459,Allen Crabbe,BKN,2017-18,75,29.3,13.2,4.3,1.6,0.6,0.5,1.0,0.407,0.852,0.378,2.7,7.1,4.5,11.0,1.5,1.8,0.558,0.183,-0.3457693945275739,-0.41948035119124544,-0.8211577599439027,-1.0364904695210782,-0.17222349978797288,-0.983731214396201,1.3971476261098459,0.7910371865708722,-1.0984873825617432
203083,Andre Drummond,DET,2017-18,78,33.7,15.0,16.0,3.0,1.5,1.6,2.6,0.529,0.605,0.0,0.0,0.1,6.0,11.3,3.1,5.1,0.555,0.207,0.007808483150939712,3.972821691826813,-0.13360590596412675,1.232202416182913,2.0704810452451157,1.2903006219189899,-1.7595055603244056,-1.7781539109759943,0.8706869371870742
2738,Andre Iguodala,GSW,2017-18,64,25.4,6.0,3.8,3.3,0.8,0.6,1.0,0.463,0.632,0.282,0.5,1.8,2.3,5.0,0.9,1.4,0.536,0.112,-1.7600809052416275,-0.6071855667048377,0.013726634174396592,-0.5323364949201911,0.03165873157867143,0.06008667768290344,-1.1749401554291738,-1.497311159422288,-1.0984873825617432
203460,Andre Roberson,OKC,2017-18,39,26.6,5.0,4.7,1.2,1.2,0.9,0.8,0.537,0.316,0.222,0.2,0.9,2.2,4.2,0.3,1.0,0.543,0.085,-1.9565130595074682,-0.2693161787803715,-1.0176011467952675,0.4759714542815826,0.6433054256786046,1.4394174636445762,-1.525679398366313,-4.784211510939737,-1.3446341725303455
203952,Andrew Wiggins,MIN,2017-18,82,36.3,17.7,4.4,2.0,1.1,0.6,1.7,0.438,0.643,0.331,1.4,4.1,6.9,15.9,2.5,3.8,0.505,0.228,0.5381752996687097,-0.3819393080885268,-0.6247143730925382,0.22389446698113946,0.03165873157867143,-0.4059034527095539,-0.12272242661775694,-1.38289374212263,-0.23697361767163566
203076,Anthony Davis,NOP,2017-18,75,36.4,28.1,11.1,2.3,1.5,2.6,2.2,0.534,0.828,0.34,0.7,2.2,10.4,19.5,6.6,8.0,0.612,0.291,2.5810697040334545,2.133310579793609,-0.4773818329540149,1.232202416182913,4.109303358911559,1.3834986479974813,-0.9411139934710813,0.5413991851897999,0.37839335724987005
203085,Austin Rivers,LAC,2017-18,61,33.7,15.1,2.4,4.0,1.2,0.3,1.8,0.424,0.642,0.378,2.2,5.9,5.6,13.2,1.7,2.6,0.526,0.206,0.02745169857752372,-1.132760170142896,0.3575025611642847,0.4759714542815826,-0.5799879625212616,-0.66685792572933,0.8125822212146141,-1.3932953255135079,-0.11390022268733448
202340,Avery Bradley,LAC,2017-18,46,31.2,14.3,2.5,2.0,1.1,0.2,2.2,0.414,0.768,0.369,1.6,4.4,5.6,13.6,1.4,1.8,0.496,0.229,-0.1296940248351487,-1.0952191270401774,-0.6247143730925382,0.22389446698113946,-0.7838701938879059,-0.853253977886313,0.11110373534033596,-0.08269581826287964,0.37839335724987005
1627732,Ben Simmons,PHI,2017-18,81,33.7,15.8,8.1,8.2,1.7,0.9,3.4,0.545,0.56,0.0,0.0,0.1,6.7,12.3,2.4,4.2,0.557,0.219,0.16495420656361248,1.0070792867120555,2.4201581231036124,1.7363563907838,0.6433054256786046,1.5885343053701626,-1.7595055603244056,-2.2462251635655037,1.8552740970614827
201933,Blake Griffin,DET,2017-18,58,34.0,21.4,7.4,5.8,0.7,0.3,2.8,0.438,0.785,0.345,1.9,5.6,7.5,17.2,4.5,5.7,0.544,0.285,1.2649742704523206,0.7442919849930267,1.2414978019954253,-0.7844134822206348,-0.5799879625212616,-0.4059034527095539,0.4618429782774748,0.09413109938204656,1.116833727155676
203992,Bogdan Bogdanović,SAC,2017-18,78,27.9,11.8,2.9,3.3,0.9,0.2,1.6,0.446,0.84,0.392,1.7,4.2,4.4,9.9,1.3,1.5,0.556,0.192,-0.6207744104997507,-0.9450549546293037,0.013726634174396592,-0.28025950761974766,-0.7838701938879059,-0.25678661098396754,0.22801681631938214,0.666218185880336,-0.3600470126559366
202711,Bojan Bogdanović,IND,2017-18,80,30.8,14.3,3.4,1.5,0.7,0.1,1.3,0.474,0.868,0.402,1.9,4.8,5.1,10.7,2.2,2.6,0.605,0.185,-0.1296940248351487,-0.7573497391157115,-0.8702686066567439,-0.7844134822206348,-0.9877524252545503,0.26512233505558364,0.4618429782774748,0.9574625208249203,-0.72926719760884
203078,Bradley Beal,WAS,2017-18,82,36.3,22.6,4.4,4.5,1.2,0.4,2.6,0.46,0.791,0.375,2.4,6.5,8.3,18.1,3.6,4.5,0.564,0.268,1.50069285557133,-0.3819393080885268,0.6030567947284904,0.4759714542815826,-0.3761057311546172,0.004167862035808559,1.0464083831727065,0.15654059972731463,0.8706869371870742
1627742,Brandon Ingram,LAL,2017-18,59,33.5,16.1,5.3,3.9,0.8,0.7,2.5,0.47,0.681,0.39,0.7,1.8,6.1,12.9,3.3,4.8,0.536,0.218,0.22388385284336487,-0.04406992016406095,0.30839171445144353,-0.5323364949201911,0.23554096294531573,0.19056391419279048,-0.9411139934710813,-0.9876335732692655,0.7476135422027731
1627741,Buddy Hield,SAC,2017-18,80,25.3,13.5,3.8,1.9,1.1,0.3,1.6,0.446,0.877,0.431,2.2,5.1,5.2,11.7,0.9,1.0,0.557,0.236,-0.2868397482478215,-0.6071855667048377,-0.6738252198053793,0.22389446698113946,-0.5799879625212616,-0.25678661098396754,0.8125822212146141,1.0510767713428224,-0.3600470126559366
203468,CJ McCollum,POR,2017-18,81,36.1,21.4,4.0,3.4,1.0,0.4,1.9,0.443,0.836,0.397,2.3,5.9,8.2,18.6,2.6,3.1,0.536,0.259,1.2649742704523206,-0.5321034804994007,0.06283748088723778,-0.028182520319304235,-0.3761057311546172,-0.31270542663106243,0.9294953021936601,0.624611852316824,0.009173172296966448
1627747,Caris LeVert,BKN,2017-18,71,26.2,12.1,3.7,4.2,1.2,0.3,2.2,0.435,0.711,0.347,1.2,3.5,4.5,10.4,1.9,2.6,0.525,0.216,-0.5618447642199986,-0.644726609807556,0.45572425458996707,0.4759714542815826,-0.5799879625212616,-0.4618222683566488,-0.3565485885758496,-0.6755860715429263,0.37839335724987005
2546,Carmelo Anthony,OKC,2017-18,78,32.1,16.2,5.8,1.3,0.6,0.6,1.3,0.404,0.767,0.357,2.2,6.1,6.1,15.0,1.9,2.5,0.503,0.223,0.24352706826994852,0.1436352953495313,-0.9684903000824262,-1.0364904695210782,0.03165873157867143,-1.039650030043295,0.8125822212146141,-0.09309740165375766,-0.72926719760884
101108,Chris Paul,HOU,2017-18,58,31.8,18.6,5.4,7.9,1.7,0.2,2.2,0.46,0.919,0.38,2.5,6.5,6.3,13.8,3.5,3.8,0.604,0.241,0.7149642385079669,-0.006528877061342302,2.272825582965089,1.7363563907838,-0.7838701938879059,0.004167862035808559,1.1633214641517529,1.487943273759699,0.37839335724987005
203991,Clint Capela,HOU,2017-18,74,27.5,13.9,10.8,0.9,0.8,1.9,1.4,0.652,0.56,0.0,0.0,0.0,6.0,9.1,1.9,3.5,0.65,0.19,-0.2082668865414851,2.020687450485454,-1.164933686933791,-0.5323364949201911,2.6821277393450482,3.582972063449878,-1.7595055603244056,-2.2462251635655037,-0.606193802624539
202709,Cory Joseph,IND,2017-18,82,27.0,7.9,3.2,3.2,1.0,0.2,1.1,0.424,0.745,0.353,0.8,2.3,3.1,7.4,0.9,1.1,0.503,0.143,-1.3868598121365299,-0.8324318253211482,-0.03538421253844438,-0.028182520319304235,-0.7838701938879059,-0.66685792572933,-0.8242009124920349,-0.32193223625307393,-0.975413987577442
201584,Courtney Lee,NYK,2017-18,76,30.4,12.0,2.9,2.4,1.1,0.2,1.1,0.454,0.919,0.406,1.5,3.7,4.5,9.9,1.5,1.6,0.564,0.165,-0.5814879796465827,-0.9450549546293037,-0.42827098624117366,0.22389446698113946,-0.7838701938879059,-0.1076697692583812,-0.005809345638710492,1.487943273759699,-0.975413987577442
1626156,D'Angelo Russell,BKN,2017-18,48,25.7,15.5,3.9,5.2,0.8,0.4,3.1,0.414,0.74,0.324,1.9,5.8,5.8,14.0,2.0,2.7,0.509,0.295,0.1060245602838601,-0.5696445236021193,0.9468327217183785,-0.5323364949201911,-0.3761057311546172,-0.853253977886313,0.4618429782774748,-0.373940153207464,1.4860539121085798
203081,Damian Lillard,POR,2017-18,73,36.6,26.9,4.5,6.6,1.1,0.4,2.8,0.439,0.916,0.361,3.1,8.6,8.5,19.4,6.8,7.4,0.594,0.295,2.345351118914445,-0.3443982649858085,1.6343845756981543,0.22389446698113946,-0.3761057311546172,-0.3872638474938556,1.864799950026031,1.456738523587065,1.116833727155676
201568,Danilo Gallinari,LAC,2017-18,21,32.0,15.3,4.8,2.0,0.6,0.5,1.2,0.398,0.931,0.324,1.7,5.3,4.9,12.2,3.9,4.1,0.545,0.205,0.06673812943069209,-0.2317751356776532,-0.6247143730925382,-1.0364904695210782,-0.17222349978797288,-1.1514876613374847,0.22801681631938214,1.612762274450235,-0.8523405925931411
201980,Danny Green,SAS,2017-18,70,25.6,8.6,3.6,1.6,0.9,1.1,1.1,0.387,0.769,0.363,1.7,4.6,3.1,8.0,0.7,0.9,0.509,0.163,-1.2493573041504413,-0.6822676529102745,-0.8211577599439027,-0.28025950761974766,1.0510698884118934,-1.356523318710166,0.22801681631938214,-0.07229423487200164,-0.975413987577442
203967,Dario Šarić,PHI,2017-18,78,29.6,14.6,6.7,2.6,0.7,0.3,1.9,0.453,0.86,0.393,2.0,5.1,5.2,11.4,2.3,2.7,0.582,0.204,-0.07076437855539668,0.4815046832739975,-0.3300492928154913,-0.7844134822206348,-0.5799879625212616,-0.1263093744740795,0.5787560592565212,0.8742498536978963,0.009173172296966448
201954,Darren Collison,IND,2017-18,69,29.3,12.4,2.6,5.3,1.3,0.2,1.2,0.495,0.882,0.468,1.4,3.0,4.6,9.2,1.8,2.1,0.61,0.17,-0.5029151179402462,-1.0576780839374589,0.9959435684312195,0.7280484415820263,-0.7838701938879059,0.6565540445852478,-0.12272242661775694,1.1030846882972125,-0.8523405925931411
1628368,De'Aaron Fox,SAC,2017-18,73,27.7,11.6,2.8,4.4,1.0,0.3,2.4,0.412,0.723,0.307,0.6,2.1,4.5,10.9,1.9,2.7,0.478,0.227,-0.6600608413529191,-0.9825959977320222,0.5539459480156494,-0.028182520319304235,-0.5799879625212616,-0.8905331883177096,-1.0580270744501277,-0.5507670708523902,0.6245401472184718
201599,DeAndre Jordan,LAC,2017-18,77,31.5,12.0,15.2,1.5,0.5,0.9,1.8,0.645,0.58,0.0,0.0,0.0,4.8,7.5,2.4,4.1,0.648,0.151,-0.5814879796465827,3.672493347005065,-0.8702686066567439,-1.2885674568215215,0.6433054256786046,3.45249482693999,-1.7595055603244056,-2.0381934957479446,-0.11390022268733448
201942,DeMar DeRozan,TOR,2017-18,80,33.9,23.0,3.9,5.2,1.1,0.3,2.2,0.456,0.825,0.31,1.1,3.6,8.1,17.7,5.8,7.0,0.555,0.286,1.579265717277666,-0.5696445236021193,0.9468327217183785,0.22389446698113946,-0.5799879625212616,-0.07039055882698463,-0.47346166955489577,0.5101944350171659,0.37839335724987005
202326,DeMarcus Cousins,NOP,2017-18,48,36.2,25.2,12.9,5.4,1.6,1.6,5.0,0.47,0.746,0.354,2.2,6.1,8.5,18.0,6.1,8.2,0.583,0.318,2.0114164566625155,2.8090493556425415,1.0450544151440608,1.4842794034833569,2.0704810452451157,0.19056391419279048,0.8125822212146141,-0.3115306528621959,3.824448416810301
201960,DeMarre Carroll,BKN,2017-18,73,29.9,13.5,6.6,2.0,0.8,0.4,1.4,0.414,0.764,0.371,2.0,5.4,4.5,10.8,2.6,3.4,0.55,0.194,-0.2868397482478215,0.4439636401712788,-0.6247143730925382,-0.5323364949201911,-0.3761057311546172,-0.853253977886313,0.5787560592565212,-0.12430215182639169,-0.606193802624539
203471,Dennis Schröder,ATL,2017-18,67,31.0,19.4,3.1,6.2,1.1,0.1,2.7,0.436,0.849,0.29,1.1,3.9,7.5,17.1,3.4,4.0,0.515,0.299,0.8721099619206389,-0.8699728684238668,1.43794118884679,0.22389446698113946,-0.9877524252545503,-0.4431826631409505,-0.47346166955489577,0.7598324363982382,0.9937603321713755
1628372,Dennis Smith Jr.,DAL,2017-18,69,29.7,15.2,3.8,5.2,1.0,0.3,2.8,0.395,0.694,0.313,1.5,4.9,5.9,14.8,1.9,2.8,0.473,0.28,0.04709491400410773,-0.6071855667048377,0.9468327217183785,-0.028182520319304235,-0.5799879625212616,-1.2074064769845796,-0.005809345638710492,-0.8524129891878525,1.116833727155676
1627756,Denzel Valentine,CHI,2017-18,77,27.2,10.2,5.1,3.2,0.8,0.1,1.3,0.417,0.745,0.386,1.9,4.8,3.9,9.4,0.5,0.7,0.527,0.17,-0.9350658573250963,-0.11915200636949792,-0.03538421253844438,-0.5323364949201911,-0.9877524252545503,-0.7973351622392181,0.4618429782774748,-0.32193223625307393,-0.72926719760884
202324,Derrick Favors,UTA,2017-18,77,28.0,12.3,7.2,1.3,0.7,1.1,1.1,0.563,0.651,0.222,0.2,0.8,5.1,9.1,1.8,2.8,0.593,0.181,-0.5225583333668303,0.6692098987875897,-0.9684903000824262,-0.7844134822206348,1.0510698884118934,1.9240471992527297,-1.525679398366313,-1.2996810749956058,-0.975413987577442
1626164,Devin Booker,PHX,2017-18,54,34.5,24.9,4.5,4.7,0.9,0.3,3.6,0.432,0.878,0.383,2.7,7.1,8.4,19.5,5.4,6.1,0.561,0.301,1.9524868103827633,-0.3443982649858085,0.7012784881541728,-0.28025950761974766,-0.5799879625212616,-0.5177410840037437,1.3971476261098459,1.0614783547337006,2.101420887030085
1628415,Dillon Brooks,MEM,2017-18,82,28.7,11.0,3.1,1.6,0.9,0.2,1.5,0.44,0.747,0.356,1.1,3.2,4.1,9.4,1.5,2.0,0.531,0.184,-0.7779201339124234,-0.8699728684238668,-0.8211577599439027,-0.28025950761974766,-0.7838701938879059,-0.3686242422781573,-0.47346166955489577,-0.3011290694713179,-0.4831204076402378
203079,Dion Waiters,MIA,2017-18,30,30.6,14.3,2.6,3.8,0.8,0.3,2.3,0.398,0.739,0.306,1.7,5.7,5.4,13.7,1.7,2.3,0.487,0.25,-0.1296940248351487,-1.0576780839374589,0.2592808677386023,-0.5323364949201911,-0.5799879625212616,-1.1514876613374847,0.22801681631938214,-0.384341736598342,0.5014667522341707
1628378,Donovan Mitchell,UTA,2017-18,79,33.4,20.5,3.7,3.7,1.5,0.3,2.7,0.437,0.805,0.34,2.4,7.0,7.5,17.2,3.0,3.8,0.541,0.283,1.088185331613064,-0.644726609807556,0.21017002102576135,1.232202416182913,-0.5799879625212616,-0.4245430579252522,1.0464083831727065,0.3021627671996068,0.9937603321713755
1627733,Dragan Bender,PHX,2017-18,82,25.2,6.5,4.4,1.6,0.3,0.6,1.4,0.386,0.765,0.366,1.4,3.9,2.3,5.9,0.5,0.6,0.524,0.125,-1.661864828108707,-0.3819393080885268,-0.8211577599439027,-1.7927214314224085,0.03165873157867143,-1.3751629239258643,-0.12272242661775694,-0.11390056843551367,-0.606193802624539
203110,Draymond Green,GSW,2017-18,70,32.7,11.0,7.6,7.3,1.4,1.3,2.9,0.454,0.775,0.301,1.1,3.7,4.0,8.8,1.9,2.5,0.556,0.168,-0.7779201339124234,0.8193740711984633,1.9781605026880427,0.9801254288824695,1.458834351145182,-0.1076697692583812,-0.47346166955489577,-0.009884734526733564,1.2399071221399773
2730,Dwight Howard,CHA,2017-18,81,30.4,16.6,12.5,1.3,0.6,1.6,2.6,0.555,0.574,0.143,0.0,0.1,6.2,11.2,4.1,7.2,0.577,0.238,0.3220999299762853,2.6588851832316673,-0.9684903000824262,-1.0364904695210782,2.0704810452451157,1.7749303575271456,-1.7595055603244056,-2.1006029960932127,0.8706869371870742
202734,E'Twaun Moore,NOP,2017-18,82,31.5,12.5,2.9,2.3,1.0,0.1,1.2,0.508,0.706,0.425,1.6,3.7,5.2,10.1,0.6,0.8,0.593,0.158,-0.48327190251366225,-0.9450549546293037,-0.4773818329540149,-0.028182520319304235,-0.9877524252545503,0.8988689123893256,0.11110373534033596,-0.7275939884973164,-0.8523405925931411
203901,Elfrid Payton,PHX,2017-18,63,28.7,12.7,4.3,6.2,1.3,0.3,2.7,0.493,0.649,0.326,0.5,1.5,5.2,10.6,1.7,2.7,0.538,0.211,-0.44398547166049424,-0.41948035119124544,1.43794118884679,0.7280484415820263,-0.5799879625212616,0.6192748341538512,-1.1749401554291738,-1.320484241777362,0.9937603321713755
202683,Enes Freedom,NYK,2017-18,71,25.8,14.1,11.0,1.5,0.5,0.5,1.7,0.592,0.848,0.0,0.0,0.0,5.9,10.0,2.2,2.6,0.63,0.212,-0.16898045568831707,2.0957695366908906,-0.8702686066567439,-1.2885674568215215,-0.17222349978797288,2.4645957505079803,-1.7595055603244056,0.7494308530073601,-0.23697361767163566
202339,Eric Bledsoe,MIL,2017-18,74,31.4,17.7,3.8,5.0,2.0,0.6,2.9,0.473,0.795,0.347,1.7,4.9,6.3,13.4,3.4,4.3,0.582,0.254,0.5381752996687097,-0.6071855667048377,0.8486110282926962,2.4925873526851303,0.03165873157867143,0.24648272983988537,0.22801681631938214,0.19814693329082667,1.2399071221399773
201569,Eric Gordon,HOU,2017-18,69,31.2,18.0,2.5,2.2,0.6,0.4,1.9,0.428,0.809,0.359,3.2,8.8,6.0,14.1,2.8,3.5,0.578,0.238,0.5971049459484621,-1.0952191270401774,-0.5264926796668559,-1.0364904695210782,-0.3761057311546172,-0.5922995048665369,1.9817130310050777,0.34376910076311884,0.009173172296966448
101141,Ersan Ilyasova,PHI,2017-18,69,25.1,10.9,5.9,1.3,0.9,0.4,1.0,0.452,0.778,0.36,1.3,3.7,4.0,8.9,1.5,2.0,0.558,0.183,-0.7975633493390075,0.18117633845224995,-0.9684903000824262,-0.28025950761974766,-0.3761057311546172,-0.1449489796897778,-0.23963550759680313,0.021320015645900473,-1.0984873825617432
203095,Evan Fournier,ORL,2017-18,57,32.2,17.8,3.2,2.9,0.8,0.3,1.7,0.459,0.867,0.379,2.2,5.9,6.5,14.1,2.6,3.0,0.577,0.226,0.5578185150952941,-0.8324318253211482,-0.18271675267696794,-0.5323364949201911,-0.5799879625212616,-0.014471743179889736,0.8125822212146141,0.9470609374340424,-0.23697361767163566
202323,Evan Turner,POR,2017-18,79,25.7,8.2,3.1,2.2,0.6,0.4,1.3,0.447,0.85,0.318,0.5,1.7,3.3,7.3,1.2,1.4,0.52,0.153,-1.327930165856778,-0.8699728684238668,-0.5264926796668559,-1.0364904695210782,-0.3761057311546172,-0.23814700576826928,-1.1749401554291738,0.7702340197891162,-0.72926719760884
203914,Gary Harris,DEN,2017-18,67,34.4,17.5,2.6,2.9,1.8,0.2,1.8,0.485,0.827,0.396,2.3,5.9,6.6,13.6,2.0,2.4,0.597,0.204,0.4988888688155417,-1.0576780839374589,-0.18271675267696794,1.9884333780842436,-0.7838701938879059,0.4701579924282649,0.9294953021936601,0.5309976017989219,-0.11390022268733448
201588,George Hill,CLE,2017-18,67,27.0,10.0,2.7,2.8,0.9,0.4,1.3,0.46,0.786,0.415,1.3,3.1,3.5,7.7,1.6,2.1,0.58,0.161,-0.9743522881782642,-1.0201370408347405,-0.23182759938980912,-0.28025950761974766,-0.3761057311546172,0.004167862035808559,-0.23963550759680313,0.10453268277292456,-0.72926719760884
203507,Giannis Antetokounmpo,MIL,2017-18,75,36.7,26.9,10.0,4.8,1.5,1.4,3.0,0.529,0.76,0.307,0.6,1.9,9.9,18.7,6.5,8.5,0.598,0.307,2.345351118914445,1.7203591056637062,0.7503893348670138,1.232202416182913,1.6627165825118262,1.2903006219189899,-1.0580270744501277,-0.16590848538990374,1.3629805171242786
201609,Goran Dragic,MIA,2017-18,75,31.7,17.3,4.1,4.8,0.8,0.2,2.2,0.45,0.801,0.37,1.5,4.0,6.5,14.3,2.9,3.6,0.543,0.25,0.45960243796237366,-0.49456243739668243,0.7503893348670138,-0.5323364949201911,-0.7838701938879059,-0.1822281901211744,-0.005809345638710492,0.26055643363609476,0.37839335724987005
203084,Harrison Barnes,DAL,2017-18,77,34.2,18.9,6.1,2.0,0.6,0.2,1.5,0.445,0.827,0.357,1.5,4.3,7.0,15.7,3.4,4.1,0.539,0.247,0.7738938847877185,0.25625842465768656,-0.6247143730925382,-1.0364904695210782,-0.7838701938879059,-0.27542621619966584,-0.005809345638710492,0.5309976017989219,-0.4831204076402378
202355,Hassan Whiteside,MIA,2017-18,54,25.3,14.0,11.4,1.0,0.7,1.7,1.7,0.54,0.703,1.0,0.0,0.0,5.8,10.7,2.4,3.4,0.573,0.235,-0.18862367111490108,2.245933709101765,-1.1158228402209496,-0.7844134822206348,2.274363276611759,1.4953362792916711,-1.7595055603244056,-0.7587987386699504,-0.23697361767163566
202738,Isaiah Thomas,LAL,2017-18,32,26.9,15.2,2.1,4.8,0.5,0.1,3.0,0.373,0.893,0.293,1.7,5.9,4.9,13.2,3.7,4.1,0.508,0.276,0.04709491400410773,-1.2453832994510512,0.7503893348670138,-1.2885674568215215,-0.9877524252545503,-1.617477791729942,0.22801681631938214,1.2175021055968707,1.3629805171242786
200755,JJ Redick,PHI,2017-18,70,30.2,17.1,2.5,3.0,0.5,0.1,1.5,0.46,0.904,0.42,2.8,6.6,5.8,12.6,2.8,3.1,0.614,0.206,0.42031600710920564,-1.0952191270401774,-0.13360590596412675,-1.2885674568215215,-0.9877524252545503,0.004167862035808559,1.5140607070888918,1.3319195228965288,-0.4831204076402378
2747,JR Smith,CLE,2017-18,80,28.1,8.3,2.9,1.8,0.9,0.1,1.0,0.403,0.696,0.375,1.8,4.8,3.0,7.4,0.5,0.7,0.534,0.136,-1.3082869504301935,-0.9450549546293037,-0.7229360665182205,-0.28025950761974766,-0.9877524252545503,-1.0582896352589932,0.3449298972984286,-0.8316098224060965,-1.0984873825617432
203210,JaMychal Green,MEM,2017-18,55,28.0,10.3,8.4,1.4,0.6,0.5,1.4,0.457,0.721,0.339,0.8,2.3,4.1,8.9,1.5,2.0,0.53,0.178,-0.9154226418985119,1.1197024160202111,-0.9193794533695852,-1.0364904695210782,-0.17222349978797288,-0.05175095361128632,-0.8242009124920349,-0.5715702376341462,-0.606193802624539
203109,Jae Crowder,UTA,2017-18,80,26.1,9.7,3.4,1.2,0.8,0.3,0.9,0.404,0.818,0.323,1.4,4.3,3.4,8.4,1.5,1.9,0.525,0.169,-1.0332819344580166,-0.7573497391157115,-1.0176011467952675,-0.5323364949201911,-0.5799879625212616,-1.039650030043295,-0.12272242661775694,0.4373833512810198,-1.2215607775460442
1627750,Jamal Murray,DEN,2017-18,81,31.7,16.7,3.7,3.4,1.0,0.3,2.1,0.451,0.905,0.378,2.0,5.4,5.9,13.1,2.8,3.1,0.576,0.223,0.34174314540286893,-0.644726609807556,0.06283748088723778,-0.028182520319304235,-0.5799879625212616,-0.1635885849054761,0.5787560592565212,1.3423211062874068,0.25531996226556886
201935,James Harden,HOU,2017-18,72,35.4,30.4,5.4,8.8,1.8,0.7,4.4,0.449,0.858,0.367,3.7,10.0,9.0,20.1,8.7,10.1,0.619,0.353,3.032863658844888,-0.006528877061342302,2.71482320338066,1.9884333780842436,0.23554096294531573,-0.20086779533687268,2.5662784359003092,0.8534466869161402,3.0860080469044946
201949,James Johnson,MIA,2017-18,73,26.6,10.8,4.9,3.8,1.0,0.7,1.9,0.503,0.698,0.308,0.8,2.5,4.2,8.4,1.5,2.2,0.575,0.185,-0.8172065647655915,-0.19423409257493454,0.2592808677386023,-0.028182520319304235,0.23554096294531573,0.8056708863108342,-0.8242009124920349,-0.8108066556243405,0.009173172296966448
1627759,Jaylen Brown,BOS,2017-18,70,30.7,14.5,4.9,1.6,1.0,0.4,1.8,0.465,0.644,0.395,1.7,4.4,5.3,11.5,2.1,3.3,0.562,0.208,-0.09040759398198069,-0.19423409257493454,-0.8211577599439027,-0.028182520319304235,-0.3761057311546172,0.09736588811430004,0.22801681631938214,-1.372492158731752,-0.11390022268733448
1628369,Jayson Tatum,BOS,2017-18,80,30.5,13.9,5.0,1.6,1.0,0.7,1.4,0.475,0.826,0.434,1.3,3.0,5.0,10.4,2.7,3.2,0.586,0.192,-0.2082668865414851,-0.15669304947221624,-0.8211577599439027,-0.028182520319304235,0.23554096294531573,0.28376194027128193,-0.23963550759680313,0.5205960184080439,-0.606193802624539
201952,Jeff Teague,MIN,2017-18,70,33.0,14.2,3.0,7.0,1.5,0.3,2.5,0.446,0.845,0.368,1.2,3.3,5.1,11.3,2.9,3.4,0.553,0.201,-0.14933724026173306,-0.9075139115265852,1.830827962549519,1.232202416182913,-0.5799879625212616,-0.25678661098396754,-0.3565485885758496,0.7182261028347261,0.7476135422027731
202710,Jimmy Butler III,MIN,2017-18,59,36.7,22.2,5.3,4.9,2.0,0.4,1.8,0.474,0.854,0.35,1.2,3.4,7.4,15.6,6.2,7.2,0.59,0.245,1.4221199938649933,-0.04406992016406095,0.7995001815798551,2.4925873526851303,-0.3761057311546172,0.26512233505558364,-0.3565485885758496,0.8118403533526282,-0.11390022268733448
203925,Joe Harris,BKN,2017-18,78,25.3,10.8,3.3,1.6,0.4,0.3,1.2,0.491,0.827,0.419,1.9,4.6,3.9,8.0,1.1,1.3,0.634,0.161,-0.8172065647655915,-0.7948907822184299,-0.8211577599439027,-1.540644444121965,-0.5799879625212616,0.5819956237224546,0.4618429782774748,0.5309976017989219,-0.8523405925931411
204060,Joe Ingles,UTA,2017-18,82,31.4,11.5,4.2,4.8,1.1,0.2,1.9,0.467,0.795,0.44,2.5,5.7,4.1,8.8,0.8,1.0,0.623,0.156,-0.6797040567795031,-0.45702139429396377,0.7503893348670138,0.22389446698113946,-0.7838701938879059,0.13464509854569662,1.1633214641517529,0.19814693329082667,0.009173172296966448
203954,Joel Embiid,PHI,2017-18,63,30.4,22.9,11.0,3.2,0.6,1.8,3.7,0.483,0.769,0.308,1.0,3.4,8.1,16.8,5.7,7.4,0.573,0.33,1.5596225018510816,2.0957695366908906,-0.03538421253844438,-1.0364904695210782,2.4782455079784036,0.4328787819968683,-0.5903747505339422,-0.07229423487200164,2.2244942820143865
203089,John Henson,MIL,2017-18,76,25.9,8.8,6.8,1.5,0.6,1.4,1.1,0.572,0.57,0.143,0.0,0.1,3.8,6.6,1.2,2.1,0.582,0.149,-1.2100708732972731,0.5190457263767158,-0.8702686066567439,-1.0364904695210782,1.6627165825118262,2.0918036461940144,-1.7595055603244056,-2.142209329656725,-0.975413987577442
202322,John Wall,WAS,2017-18,41,34.4,19.4,3.7,9.6,1.4,1.1,3.9,0.42,0.726,0.371,1.5,4.1,6.8,16.3,4.3,5.9,0.515,0.281,0.8721099619206389,-0.644726609807556,3.1077099770833883,0.9801254288824695,1.0510698884118934,-0.7414163465921232,-0.005809345638710492,-0.5195623206797562,2.470641071982988
203613,Jonathon Simmons,ORL,2017-18,69,29.4,13.9,3.5,2.5,0.8,0.2,2.1,0.465,0.768,0.338,1.0,3.0,5.1,11.0,2.7,3.5,0.555,0.215,-0.2082668865414851,-0.719808696012993,-0.3791601395283325,-0.5323364949201911,-0.7838701938879059,0.09736588811430004,-0.5903747505339422,-0.08269581826287964,0.25531996226556886
1628367,Josh Jackson,PHX,2017-18,77,25.4,13.1,4.6,1.5,1.0,0.5,1.9,0.417,0.634,0.263,0.7,2.8,5.1,12.1,2.3,3.6,0.48,0.253,-0.36541260995415786,-0.30685722188309017,-0.8702686066567439,-0.028182520319304235,-0.17222349978797288,-0.7973351622392181,-0.9411139934710813,-1.476507992640532,0.009173172296966448
1626196,Josh Richardson,MIA,2017-18,81,33.2,12.9,3.5,2.9,1.5,0.9,1.7,0.451,0.845,0.378,1.6,4.1,4.9,10.9,1.5,1.8,0.551,0.176,-0.4046990408073259,-0.719808696012993,-0.18271675267696794,1.232202416182913,0.6433054256786046,-0.1635885849054761,0.11110373534033596,0.7182261028347261,-0.23697361767163566
201950,Jrue Holiday,NOP,2017-18,81,36.1,19.0,4.5,6.0,1.5,0.8,2.6,0.494,0.786,0.337,1.5,4.4,7.6,15.4,2.3,2.9,0.57,0.225,0.7935371002143029,-0.3443982649858085,1.3397194954211076,1.232202416182913,0.4394231943119603,0.6379144393695495,-0.005809345638710492,0.10453268277292456,0.8706869371870742
203944,Julius Randle,LAL,2017-18,82,26.7,16.1,8.0,2.6,0.5,0.5,2.6,0.558,0.718,0.222,0.1,0.5,6.1,11.0,3.7,5.2,0.606,0.251,0.22388385284336487,0.9695382436093373,-0.3300492928154913,-1.2885674568215215,-0.17222349978797288,1.8308491731742405,-1.6425924793453592,-0.6027749878067802,0.8706869371870742
203200,Justin Holiday,CHI,2017-18,72,31.5,12.2,4.0,2.1,1.1,0.4,1.3,0.371,0.823,0.359,2.2,6.2,4.0,10.9,1.9,2.3,0.513,0.177,-0.5422015487934146,-0.5321034804994007,-0.575603526379697,0.22389446698113946,-0.3761057311546172,-1.6547570021613387,0.8125822212146141,0.48939126823540985,-0.72926719760884
203994,Jusuf Nurkić,POR,2017-18,79,26.4,14.3,9.0,1.8,0.8,1.4,2.3,0.505,0.63,0.0,0.0,0.1,6.1,12.0,2.2,3.5,0.528,0.257,-0.1296940248351487,1.3449486746365218,-0.7229360665182205,-0.5323364949201911,1.6627165825118262,0.8429500967422308,-1.7595055603244056,-1.5181143262040442,0.5014667522341707
1626157,Karl-Anthony Towns,MIN,2017-18,82,35.6,21.3,12.3,2.4,0.8,1.4,1.9,0.545,0.858,0.421,1.5,3.5,7.8,14.3,4.2,4.9,0.646,0.225,1.2453310550257368,2.5838030970262307,-0.42827098624117366,-0.5323364949201911,1.6627165825118262,1.5885343053701626,-0.005809345638710492,0.8534466869161402,0.009173172296966448
1626162,Kelly Oubre Jr.,WAS,2017-18,81,27.5,11.8,4.5,1.2,1.0,0.4,1.1,0.403,0.82,0.341,1.6,4.6,3.9,9.8,2.4,2.9,0.534,0.188,-0.6207744104997507,-0.3443982649858085,-1.0176011467952675,-0.028182520319304235,-0.3761057311546172,-1.0582896352589932,0.11110373534033596,0.4581865180627758,-0.975413987577442
202689,Kemba Walker,CHA,2017-18,80,34.2,22.1,3.1,5.6,1.1,0.3,2.2,0.431,0.864,0.384,2.9,7.5,7.4,17.0,4.5,5.3,0.572,0.267,1.4024767784384096,-0.8699728684238668,1.143276108569743,0.22389446698113946,-0.5799879625212616,-0.536380689219442,1.6309737880679382,0.9158561872614083,0.37839335724987005
203145,Kent Bazemore,ATL,2017-18,65,27.5,12.9,3.8,3.5,1.5,0.7,2.4,0.42,0.796,0.394,1.7,4.2,4.4,10.4,2.5,3.1,0.547,0.221,-0.4046990408073259,-0.6071855667048377,0.11194832760007897,1.232202416182913,0.23554096294531573,-0.7414163465921232,0.22801681631938214,0.20854851668170468,0.6245401472184718
203484,Kentavious Caldwell-Pope,LAL,2017-18,74,33.2,13.4,5.2,2.2,1.4,0.2,1.3,0.426,0.789,0.383,2.1,5.6,4.6,10.8,2.1,2.6,0.561,0.165,-0.3064829636744055,-0.08161096326677926,-0.5264926796668559,0.9801254288824695,-0.7838701938879059,-0.6295787152979334,0.6956691402355677,0.1357374329455586,-0.72926719760884
201142,Kevin Durant,GSW,2017-18,68,34.2,26.4,6.8,5.4,0.7,1.8,3.0,0.516,0.889,0.419,2.5,6.1,9.3,18.0,5.3,5.9,0.64,0.293,2.2471350417815246,0.5190457263767158,1.0450544151440608,-0.7844134822206348,2.4782455079784036,1.047985754114912,1.1633214641517529,1.1758957720333587,1.3629805171242786
201567,Kevin Love,CLE,2017-18,59,28.0,17.6,9.3,1.7,0.7,0.4,1.5,0.458,0.88,0.415,2.3,5.6,5.7,12.4,4.0,4.5,0.614,0.248,0.518532084242126,1.4575718039446774,-0.7720469132310617,-0.7844134822206348,-0.3761057311546172,-0.03311134839558803,0.9294953021936601,1.0822815215154564,-0.4831204076402378
203114,Khris Middleton,MIL,2017-18,82,36.4,20.1,5.2,4.0,1.5,0.3,2.3,0.466,0.884,0.359,1.8,5.0,7.2,15.5,3.9,4.4,0.577,0.239,1.009612469906728,-0.08161096326677926,0.3575025611642847,1.232202416182913,-0.5799879625212616,0.11600549332999832,0.3449298972984286,1.1238878550789686,0.5014667522341707
202691,Klay Thompson,GSW,2017-18,73,34.3,20.0,3.8,2.5,0.8,0.5,1.8,0.489,0.837,0.44,3.1,7.1,7.9,16.1,1.1,1.3,0.599,0.232,0.9899692544801437,-0.6071855667048377,-0.3791601395283325,-0.5323364949201911,-0.17222349978797288,0.544716413291058,1.864799950026031,0.635013435707702,-0.11390022268733448
1627739,Kris Dunn,CHI,2017-18,52,29.3,13.4,4.3,6.0,2.0,0.5,2.9,0.429,0.737,0.321,0.8,2.6,5.5,12.8,1.6,2.2,0.488,0.245,-0.3064829636744055,-0.41948035119124544,1.3397194954211076,2.4925873526851303,-0.17222349978797288,-0.5736598996508386,-0.8242009124920349,-0.405144903380098,1.2399071221399773
204001,Kristaps Porziņģis,NYK,2017-18,48,32.4,22.7,6.6,1.2,0.8,2.4,1.9,0.439,0.793,0.395,1.9,4.8,8.1,18.5,4.5,5.7,0.539,0.305,1.5203360709979137,0.4439636401712788,-1.0176011467952675,-0.5323364949201911,3.70153889617827,-0.3872638474938556,0.4618429782774748,0.17734376650907066,0.009173172296966448
203937,Kyle Anderson,SAS,2017-18,74,26.7,7.9,5.4,2.7,1.6,0.8,1.3,0.527,0.712,0.333,0.3,0.8,3.1,5.9,1.4,2.0,0.582,0.133,-1.3868598121365299,-0.006528877061342302,-0.2809384461026501,1.4842794034833569,0.4394231943119603,1.2530214114875933,-1.4087663173872667,-0.6651844881520483,-0.72926719760884
1628398,Kyle Kuzma,LAL,2017-18,77,31.2,16.1,6.3,1.8,0.6,0.4,1.8,0.45,0.707,0.366,2.1,5.6,6.1,13.5,1.9,2.7,0.549,0.219,0.22388385284336487,0.33134051086312355,-0.7229360665182205,-1.0364904695210782,-0.3761057311546172,-0.1822281901211744,0.6956691402355677,-0.7171924051064383,-0.11390022268733448
200768,Kyle Lowry,TOR,2017-18,78,32.2,16.2,5.6,6.9,1.1,0.2,2.3,0.427,0.854,0.399,3.1,7.6,5.2,12.1,2.9,3.3,0.598,0.211,0.24352706826994852,0.06855320914409434,1.781717115836678,0.22389446698113946,-0.7838701938879059,-0.6109391100822352,1.864799950026031,0.8118403533526282,0.5014667522341707
202681,Kyrie Irving,BOS,2017-18,60,32.2,24.4,3.8,5.1,1.1,0.3,2.3,0.491,0.889,0.408,2.8,6.8,8.9,18.1,3.9,4.4,0.61,0.298,1.854270733249843,-0.6071855667048377,0.8977218750055371,0.22389446698113946,-0.5799879625212616,0.5819956237224546,1.5140607070888918,1.1758957720333587,0.5014667522341707
200746,LaMarcus Aldridge,SAS,2017-18,75,33.4,23.1,8.5,2.0,0.6,1.2,1.5,0.51,0.837,0.293,0.4,1.2,9.2,18.0,4.5,5.3,0.57,0.288,1.5989089327042505,1.1572434591229295,-0.6247143730925382,-1.0364904695210782,1.2549521197785376,0.9361481228207222,-1.2918532364082205,0.635013435707702,-0.4831204076402378
1628374,Lauri Markkanen,CHI,2017-18,68,29.7,15.2,7.5,1.2,0.6,0.6,1.2,0.434,0.843,0.362,2.1,5.9,5.5,12.7,2.1,2.4,0.552,0.215,0.04709491400410773,0.781833028095745,-1.0176011467952675,-1.0364904695210782,0.03165873157867143,-0.4804618735723471,0.6956691402355677,0.6974229360529701,-0.8523405925931411
2544,LeBron James,CLE,2017-18,82,36.9,27.5,8.6,9.1,1.4,0.9,4.2,0.542,0.731,0.367,1.8,5.0,10.5,19.3,4.7,6.5,0.621,0.31,2.4632104114739497,1.1947845022256478,2.8621557435191827,0.9801254288824695,0.6433054256786046,1.5326154897230677,0.3449298972984286,-0.46755440372536605,2.839861256935892
1628366,Lonzo Ball,LAL,2017-18,52,34.2,10.2,6.9,7.2,1.7,0.8,2.6,0.36,0.451,0.305,1.7,5.7,3.9,10.8,0.6,1.4,0.444,0.169,-0.9350658573250963,0.5565867694794344,1.9290496559752015,1.7363563907838,0.4394231943119603,-1.85979265953402,0.22801681631938214,-3.3799977531712067,0.8706869371870742
101150,Lou Williams,LAC,2017-18,79,32.8,22.6,2.5,5.3,1.1,0.2,3.0,0.435,0.88,0.359,2.4,6.6,7.4,16.9,5.5,6.2,0.574,0.285,1.50069285557133,-1.0952191270401774,0.9959435684312195,0.22389446698113946,-0.7838701938879059,-0.4618222683566488,1.0464083831727065,1.0822815215154564,1.3629805171242786
201601,Luc Mbah a Moute,HOU,2017-18,61,25.6,7.5,3.0,0.9,1.2,0.4,1.1,0.481,0.684,0.364,1.0,2.8,2.7,5.7,1.1,1.6,0.595,0.128,-1.4654326738428662,-0.9075139115265852,-1.164933686933791,0.4759714542815826,-0.3761057311546172,0.3955995715654717,-0.5903747505339422,-0.9564288230966315,-0.975413987577442
1627763,Malcolm Brogdon,MIL,2017-18,48,29.9,13.0,3.3,3.2,0.9,0.3,1.4,0.485,0.882,0.385,1.3,3.4,5.1,10.5,1.6,1.8,0.578,0.189,-0.3850558253807419,-0.7948907822184299,-0.03538421253844438,-0.28025950761974766,-0.5799879625212616,0.4701579924282649,-0.23963550759680313,1.1030846882972125,-0.606193802624539
201188,Marc Gasol,MEM,2017-18,73,33.0,17.2,8.1,4.2,0.7,1.4,2.7,0.42,0.834,0.341,1.5,4.4,5.9,14.2,3.8,4.6,0.532,0.255,0.43995922253578934,1.0070792867120555,0.45572425458996707,-0.7844134822206348,1.6627165825118262,-0.7414163465921232,-0.005809345638710492,0.603808685535068,0.9937603321713755
101162,Marcin Gortat,WAS,2017-18,82,25.3,8.4,7.6,1.8,0.5,0.7,1.2,0.518,0.675,0.0,0.0,0.0,3.5,6.8,1.3,2.0,0.546,0.153,-1.2886437350036095,0.8193740711984633,-0.7229360665182205,-1.2885674568215215,0.23554096294531573,1.0852649645463086,-1.7595055603244056,-1.0500430736145336,-0.8523405925931411
202694,Marcus Morris Sr.,BOS,2017-18,54,26.7,13.6,5.4,1.3,0.6,0.2,1.2,0.429,0.805,0.368,1.6,4.3,4.9,11.3,2.3,2.9,0.541,0.222,-0.26719653282123745,-0.006528877061342302,-0.9684903000824262,-1.0364904695210782,-0.7838701938879059,-0.5736598996508386,0.11110373534033596,0.3021627671996068,-0.8523405925931411
203935,Marcus Smart,BOS,2017-18,54,29.9,10.2,3.5,4.8,1.3,0.4,2.4,0.367,0.729,0.301,1.4,4.6,3.5,9.5,1.8,2.5,0.479,0.187,-0.9350658573250963,-0.719808696012993,0.7503893348670138,0.7280484415820263,-0.3761057311546172,-1.7293154230241319,-0.12272242661775694,-0.4883575705071221,0.6245401472184718
202693,Markieff Morris,WAS,2017-18,73,27.0,11.5,5.6,1.9,0.8,0.5,1.7,0.48,0.82,0.367,1.0,2.8,4.5,9.4,1.4,1.8,0.566,0.194,-0.6797040567795031,0.06855320914409434,-0.6738252198053793,-0.5323364949201911,-0.17222349978797288,0.3769599663497734,-0.5903747505339422,0.4581865180627758,-0.23697361767163566
101107,Marvin Williams,CHA,2017-18,78,25.7,9.5,4.7,1.2,0.7,0.5,0.8,0.458,0.829,0.413,1.6,3.9,3.3,7.2,1.3,1.6,0.603,0.145,-1.0725683653111846,-0.2693161787803715,-1.0176011467952675,-0.7844134822206348,-0.17222349978797288,-0.03311134839558803,0.11110373534033596,0.551800768580678,-1.3446341725303455
1628462,Milos Teodosic,LAC,2017-18,45,25.2,9.5,2.8,4.6,0.5,0.1,2.2,0.419,0.848,0.379,2.0,5.2,3.4,8.0,0.9,1.0,0.564,0.178,-1.0725683653111846,-0.9825959977320222,0.6521676414413314,-1.2885674568215215,-0.9877524252545503,-0.7600559518078215,0.5787560592565212,0.7494308530073601,0.37839335724987005
1626167,Myles Turner,IND,2017-18,65,28.2,12.7,6.4,1.3,0.6,1.8,1.5,0.479,0.777,0.357,0.9,2.4,4.7,9.8,2.5,3.2,0.567,0.199,-0.44398547166049424,0.3688815539658422,-0.9684903000824262,-1.0364904695210782,2.4782455079784036,0.3583203611340751,-0.7072878315129886,0.01091843225502246,-0.4831204076402378
201587,Nicolas Batum,CHA,2017-18,64,31.0,11.6,4.8,5.5,1.0,0.4,2.0,0.415,0.831,0.336,1.4,4.3,4.2,10.2,1.7,2.0,0.523,0.178,-0.6600608413529191,-0.2317751356776532,1.0941652618569018,-0.028182520319304235,-0.3761057311546172,-0.8346143726706147,-0.12272242661775694,0.5726039353624339,0.13224656728126766
203999,Nikola Jokić,DEN,2017-18,75,32.6,18.5,10.7,6.1,1.2,0.8,2.8,0.499,0.85,0.396,1.5,3.7,6.7,13.5,3.5,4.2,0.603,0.238,0.6953210230813824,1.9831464073827352,1.3888303421339485,0.4759714542815826,0.4394231943119603,0.731112465448041,-0.005809345638710492,0.7702340197891162,1.116833727155676
202703,Nikola Mirotic,NOP,2017-18,55,27.2,15.6,7.4,1.5,0.8,0.7,1.1,0.447,0.818,0.377,2.5,6.5,5.6,12.4,2.0,2.5,0.577,0.223,0.12566777571044413,0.7442919849930267,-0.8702686066567439,-0.5323364949201911,0.23554096294531573,-0.23814700576826928,1.1633214641517529,0.4373833512810198,-0.975413987577442
202696,Nikola Vučević,ORL,2017-18,57,29.5,16.5,9.2,3.4,1.0,1.1,1.9,0.475,0.819,0.314,1.1,3.6,7.0,14.7,1.4,1.6,0.533,0.252,0.3024567145497009,1.4200307608419585,0.06283748088723778,-0.028182520319304235,1.0510698884118934,0.28376194027128193,-0.47346166955489577,0.4477849346718978,0.009173172296966448
203490,Otto Porter Jr.,WAS,2017-18,77,31.6,14.7,6.4,2.0,1.5,0.5,1.0,0.503,0.828,0.441,1.8,4.1,5.8,11.5,1.4,1.7,0.602,0.182,-0.051121163128812666,0.3688815539658422,-0.6247143730925382,1.232202416182913,-0.17222349978797288,0.8056708863108342,0.3449298972984286,0.5413991851897999,-1.0984873825617432
200782,P.J. Tucker,HOU,2017-18,82,27.8,6.1,5.6,0.9,1.0,0.3,0.9,0.39,0.717,0.371,1.4,3.8,2.1,5.4,0.5,0.7,0.537,0.103,-1.7404376898150433,0.06855320914409434,-1.164933686933791,-0.028182520319304235,-0.5799879625212616,-1.300604503063071,-0.12272242661775694,-0.6131765711976582,-1.2215607775460442
201988,Patty Mills,SAS,2017-18,82,25.7,10.0,1.9,2.8,0.7,0.1,1.3,0.411,0.89,0.372,1.9,5.0,3.4,8.3,1.3,1.4,0.558,0.172,-0.9743522881782642,-1.3204653856564883,-0.23182759938980912,-0.7844134822206348,-0.9877524252545503,-0.9091727935334079,0.4618429782774748,1.1862973554242366,-0.72926719760884
202331,Paul George,OKC,2017-18,79,36.6,21.9,5.7,3.3,2.0,0.5,2.7,0.43,0.822,0.401,3.1,7.7,7.3,17.0,4.3,5.2,0.57,0.248,1.363190347585241,0.10609425224681299,0.013726634174396592,2.4925873526851303,-0.17222349978797288,-0.5550202944351403,1.864799950026031,0.47898968484453186,0.9937603321713755
200794,Paul Millsap,DEN,2017-18,38,30.1,14.6,6.4,2.8,1.0,1.2,1.9,0.464,0.696,0.345,1.0,3.0,5.3,11.4,2.9,4.2,0.549,0.217,-0.07076437855539668,0.3688815539658422,-0.23182759938980912,-0.028182520319304235,1.2549521197785376,0.07872628289860174,-0.5903747505339422,-0.8316098224060965,0.009173172296966448
200765,Rajon Rondo,NOP,2017-18,65,26.2,8.3,4.0,8.2,1.1,0.2,2.3,0.468,0.543,0.333,0.8,2.3,3.6,7.6,0.4,0.7,0.522,0.164,-1.3082869504301935,-0.5321034804994007,2.4201581231036124,0.22389446698113946,-0.7838701938879059,0.1532847037613949,-0.8242009124920349,-2.42305208121043,0.5014667522341707
203493,Reggie Bullock Jr.,DET,2017-18,62,27.9,11.3,2.5,1.5,0.8,0.2,0.8,0.489,0.796,0.445,2.0,4.5,4.3,8.8,0.6,0.8,0.615,0.153,-0.718990487632671,-1.0952191270401774,-0.8702686066567439,-0.5323364949201911,-0.7838701938879059,0.544716413291058,0.5787560592565212,0.20854851668170468,-1.3446341725303455
202704,Reggie Jackson,DET,2017-18,45,26.7,14.6,2.8,5.3,0.6,0.1,2.2,0.426,0.836,0.308,1.2,3.8,5.5,12.8,2.5,3.0,0.516,0.265,-0.07076437855539668,-0.9825959977320222,0.9959435684312195,-1.0364904695210782,-0.9877524252545503,-0.6295787152979334,-0.3565485885758496,0.624611852316824,0.37839335724987005
201937,Ricky Rubio,UTA,2017-18,77,29.3,13.1,4.6,5.3,1.6,0.1,2.7,0.418,0.866,0.352,1.2,3.5,4.5,10.7,2.9,3.3,0.537,0.222,-0.36541260995415786,-0.30685722188309017,0.9959435684312195,1.4842794034833569,-0.9877524252545503,-0.7786955570235198,-0.3565485885758496,0.9366593540431644,0.9937603321713755
203496,Robert Covington,PHI,2017-18,80,31.6,12.6,5.4,2.0,1.7,0.9,1.6,0.413,0.853,0.369,2.5,6.9,4.3,10.5,1.5,1.7,0.563,0.168,-0.4636286870870783,-0.006528877061342302,-0.6247143730925382,1.7363563907838,0.6433054256786046,-0.8718935831020113,1.1633214641517529,0.8014387699617502,-0.3600470126559366
201577,Robin Lopez,CHI,2017-18,64,26.4,11.8,4.5,1.9,0.2,0.8,1.7,0.53,0.756,0.286,0.1,0.2,5.3,10.1,1.1,1.4,0.552,0.203,-0.6207744104997507,-0.3443982649858085,-0.6738252198053793,-2.044798418722852,0.4394231943119603,1.3089402271346882,-1.6425924793453592,-0.20751481895341578,-0.23697361767163566
203918,Rodney Hood,CLE,2017-18,60,26.9,14.7,2.8,1.6,0.8,0.2,1.2,0.429,0.86,0.381,2.1,5.6,5.4,12.5,1.9,2.2,0.546,0.24,-0.051121163128812666,-0.9825959977320222,-0.8211577599439027,-0.5323364949201911,-0.7838701938879059,-0.5736598996508386,0.6956691402355677,0.8742498536978963,-0.8523405925931411
1626178,Rondae Hollis-Jefferson,BKN,2017-18,68,28.2,13.9,6.8,2.5,1.0,0.7,1.8,0.472,0.788,0.241,0.2,0.8,5.0,10.6,3.7,4.6,0.548,0.217,-0.2082668865414851,0.5190457263767158,-0.3791601395283325,-0.028182520319304235,0.23554096294531573,0.22784312462418707,-1.525679398366313,0.12533584955468058,-0.11390022268733448
203497,Rudy Gobert,UTA,2017-18,56,32.4,13.5,10.7,1.4,0.8,2.3,1.9,0.622,0.682,0.0,0.0,0.0,4.9,7.9,3.6,5.3,0.657,0.163,-0.2868397482478215,1.9831464073827352,-0.9193794533695852,-0.5323364949201911,3.4976566648116254,3.023783906978929,-1.7595055603244056,-0.9772319898783876,0.009173172296966448
201566,Russell Westbrook,OKC,2017-18,80,36.4,25.4,10.1,10.3,1.8,0.3,4.8,0.449,0.737,0.298,1.2,4.1,9.5,21.1,5.2,7.1,0.524,0.326,2.050702887515684,1.7579001487664245,3.451485904073277,1.9884333780842436,-0.5799879625212616,-0.20086779533687268,-0.3565485885758496,-0.405144903380098,3.5783016268416983
201583,Ryan Anderson,HOU,2017-18,66,26.1,9.3,5.0,0.9,0.4,0.3,0.6,0.431,0.774,0.386,2.0,5.1,3.1,7.3,1.1,1.4,0.592,0.141,-1.1118547961643526,-0.15669304947221624,-1.164933686933791,-1.540644444121965,-0.5799879625212616,-0.536380689219442,0.5787560592565212,-0.020286317917611575,-1.5907809624989477
201586,Serge Ibaka,TOR,2017-18,76,27.5,12.6,6.3,0.8,0.4,1.3,1.2,0.483,0.797,0.36,1.4,3.9,5.0,10.3,1.2,1.6,0.574,0.189,-0.4636286870870783,0.33134051086312355,-1.214044533646632,-1.540644444121965,1.458834351145182,0.4328787819968683,-0.12272242661775694,0.2189501000725827,-0.8523405925931411
203915,Spencer Dinwiddie,BKN,2017-18,80,28.8,12.6,3.2,6.6,0.9,0.3,1.6,0.387,0.813,0.326,1.8,5.4,4.1,10.5,2.7,3.4,0.527,0.201,-0.4636286870870783,-0.8324318253211482,1.6343845756981543,-0.28025950761974766,-0.5799879625212616,-1.356523318710166,0.3449298972984286,0.38537543432662974,-0.3600470126559366
1626169,Stanley Johnson,DET,2017-18,69,27.4,8.7,3.7,1.6,1.4,0.2,1.1,0.375,0.772,0.286,1.0,3.4,3.0,8.1,1.6,2.1,0.48,0.161,-1.2297140887238573,-0.644726609807556,-0.8211577599439027,0.9801254288824695,-0.7838701938879059,-1.5801985812985455,-0.5903747505339422,-0.0410894846993676,-0.975413987577442
201939,Stephen Curry,GSW,2017-18,51,32.0,26.4,5.1,6.1,1.6,0.2,3.0,0.495,0.921,0.423,4.2,9.8,8.4,16.9,5.5,5.9,0.675,0.29,2.2471350417815246,-0.11915200636949792,1.3888303421339485,1.4842794034833569,-0.7838701938879059,0.6565540445852478,3.1508438407955413,1.508746440541455,1.3629805171242786
203500,Steven Adams,OKC,2017-18,76,32.7,13.9,9.0,1.2,1.2,1.0,1.7,0.629,0.559,0.0,0.0,0.0,5.9,9.4,2.1,3.8,0.63,0.16,-0.2082668865414851,1.3449486746365218,-1.0176011467952675,0.4759714542815826,0.8471876570452489,3.1542611434888173,-1.7595055603244056,-2.256626746956382,-0.23697361767163566
203933,T.J. Warren,PHX,2017-18,65,33.0,19.6,5.1,1.3,1.0,0.6,1.3,0.498,0.757,0.222,0.3,1.4,8.1,16.4,3.0,3.9,0.541,0.243,0.9113963927738077,-0.11915200636949792,-0.9684903000824262,-0.028182520319304235,0.03165873157867143,0.7124728602323427,-1.4087663173872667,-0.19711323556253776,-0.72926719760884
201959,Taj Gibson,MIN,2017-18,82,33.2,12.2,7.1,1.2,0.8,0.7,1.1,0.577,0.768,0.2,0.1,0.4,5.2,9.0,1.7,2.3,0.61,0.144,-0.5422015487934146,0.6316688556848711,-1.0176011467952675,-0.5323364949201911,0.23554096294531573,2.185001672272506,-1.6425924793453592,-0.08269581826287964,-0.975413987577442
1627752,Taurean Prince,ATL,2017-18,82,30.0,14.1,4.7,2.6,1.0,0.5,2.3,0.426,0.844,0.385,2.1,5.6,5.1,11.9,1.9,2.2,0.549,0.216,-0.16898045568831707,-0.2693161787803715,-0.3300492928154913,-0.028182520319304235,-0.17222349978797288,-0.6295787152979334,0.6956691402355677,0.707824519443848,0.5014667522341707
1626179,Terry Rozier,BOS,2017-18,80,25.9,11.3,4.7,2.9,1.0,0.2,1.0,0.395,0.772,0.381,1.9,5.0,4.0,10.0,1.4,1.9,0.52,0.199,-0.718990487632671,-0.2693161787803715,-0.18271675267696794,-0.028182520319304235,-0.7838701938879059,-1.2074064769845796,0.4618429782774748,-0.0410894846993676,-1.0984873825617432
201152,Thaddeus Young,IND,2017-18,81,32.2,11.8,6.3,1.9,1.7,0.4,1.3,0.487,0.598,0.32,0.7,2.2,5.2,10.7,0.7,1.1,0.528,0.171,-0.6207744104997507,0.33134051086312355,-0.6738252198053793,1.7363563907838,-0.3761057311546172,0.5074372028596614,-0.9411139934710813,-1.8509649947121405,-0.72926719760884
203501,Tim Hardaway Jr.,NYK,2017-18,57,33.1,17.5,3.9,2.7,1.1,0.2,1.6,0.421,0.816,0.317,2.3,7.2,6.3,15.0,2.6,3.1,0.533,0.229,0.4988888688155417,-0.5696445236021193,-0.2809384461026501,0.22389446698113946,-0.7838701938879059,-0.7227767413764249,0.9294953021936601,0.41658018449926376,-0.3600470126559366
202699,Tobias Harris,LAC,2017-18,80,33.3,18.6,5.5,2.4,0.9,0.4,1.3,0.46,0.829,0.411,2.3,5.6,7.0,15.3,2.2,2.7,0.565,0.227,0.7149642385079669,0.031012166041376014,-0.42827098624117366,-0.28025950761974766,-0.3761057311546172,0.004167862035808559,0.9294953021936601,0.551800768580678,-0.72926719760884
203503,Tony Snell,MIL,2017-18,75,27.4,6.9,1.9,1.3,0.6,0.4,0.5,0.435,0.792,0.403,1.4,3.6,2.5,5.7,0.5,0.6,0.578,0.105,-1.5832919664023706,-1.3204653856564883,-0.9684903000824262,-1.0364904695210782,-0.3761057311546172,-0.4618222683566488,-0.12272242661775694,0.16694218311819264,-1.7138543574832488
2772,Trevor Ariza,HOU,2017-18,67,33.9,11.7,4.4,1.6,1.5,0.2,0.8,0.412,0.854,0.368,2.5,6.9,4.0,9.7,1.1,1.3,0.567,0.141,-0.640417625926335,-0.3819393080885268,-0.8211577599439027,1.232202416182913,-0.7838701938879059,-0.8905331883177096,1.1633214641517529,0.8118403533526282,-1.3446341725303455
204020,Tyler Johnson,MIA,2017-18,72,28.5,11.7,3.4,2.3,0.8,0.5,1.1,0.435,0.822,0.367,1.7,4.5,4.3,9.9,1.5,1.8,0.549,0.18,-0.640417625926335,-0.7573497391157115,-0.4773818329540149,-0.5323364949201911,-0.17222349978797288,-0.4618222683566488,0.22801681631938214,0.47898968484453186,-0.975413987577442
201936,Tyreke Evans,MEM,2017-18,52,30.9,19.4,5.1,5.2,1.1,0.3,2.3,0.452,0.785,0.399,2.2,5.5,7.0,15.6,3.2,4.0,0.561,0.277,0.8721099619206389,-0.11915200636949792,0.9468327217183785,0.22389446698113946,-0.5799879625212616,-0.1449489796897778,0.8125822212146141,0.09413109938204656,0.5014667522341707
1627820,Tyrone Wallace,LAC,2017-18,30,28.4,9.7,3.5,2.4,0.9,0.4,1.5,0.445,0.782,0.25,0.3,1.3,3.7,8.2,2.0,2.6,0.517,0.159,-1.0332819344580166,-0.719808696012993,-0.42827098624117366,-0.28025950761974766,-0.3761057311546172,-0.27542621619966584,-1.4087663173872667,0.06292634920941252,-0.4831204076402378
203506,Victor Oladipo,IND,2017-18,75,34.0,23.1,5.2,4.3,2.4,0.8,2.9,0.477,0.799,0.371,2.1,5.8,8.5,17.9,3.9,4.9,0.577,0.295,1.5989089327042505,-0.08161096326677926,0.5048351013028081,3.5008953018869042,0.4394231943119603,0.3210411507026785,0.6956691402355677,0.23975326685433873,1.2399071221399773
201961,Wayne Ellington,MIA,2017-18,77,26.5,11.2,2.8,1.0,0.7,0.1,0.7,0.407,0.859,0.392,2.9,7.5,3.7,9.1,0.9,1.0,0.588,0.167,-0.7386337030592555,-0.9825959977320222,-1.1158228402209496,-0.7844134822206348,-0.9877524252545503,-0.983731214396201,1.6309737880679382,0.8638482703070183,-1.4677075675146465
202083,Wesley Matthews,DAL,2017-18,63,33.8,12.7,3.1,2.7,1.2,0.3,1.3,0.406,0.822,0.381,2.4,6.4,4.5,11.1,1.3,1.6,0.541,0.173,-0.44398547166049424,-0.8699728684238668,-0.2809384461026501,0.4759714542815826,-0.5799879625212616,-1.0023708196118983,1.0464083831727065,0.47898968484453186,-0.72926719760884
203115,Will Barton,DEN,2017-18,81,33.1,15.7,5.0,4.1,1.0,0.6,1.8,0.452,0.805,0.37,1.9,5.2,5.7,12.7,2.2,2.8,0.562,0.201,0.14531099113702814,-0.15669304947221624,0.4066134078771257,-0.028182520319304235,0.03165873157867143,-0.1449489796897778,0.4618429782774748,0.3021627671996068,-0.11390022268733448
1626161,Willie Cauley-Stein,SAC,2017-18,73,28.0,12.8,7.0,2.4,1.1,0.9,1.5,0.502,0.619,0.25,0.0,0.2,5.3,10.6,2.1,3.4,0.529,0.215,-0.4243422562339099,0.5941278125821527,-0.42827098624117366,0.22389446698113946,0.6433054256786046,0.7870312810951359,-1.7595055603244056,-1.6325317435037023,-0.4831204076402378
201163,Wilson Chandler,DEN,2017-18,74,31.7,10.0,5.4,2.1,0.6,0.5,1.2,0.445,0.772,0.358,1.2,3.3,3.8,8.5,1.2,1.5,0.542,0.142,-0.9743522881782642,-0.006528877061342302,-0.575603526379697,-1.0364904695210782,-0.17222349978797288,-0.27542621619966584,-0.3565485885758496,-0.0410894846993676,-0.8523405925931411
1627812,Yogi Ferrell,DAL,2017-18,82,27.8,10.2,3.0,2.5,0.8,0.1,1.0,0.426,0.796,0.373,1.6,4.4,3.8,8.9,1.0,1.3,0.54,0.166,-0.9350658573250963,-0.9075139115265852,-0.3791601395283325,-0.5323364949201911,-0.9877524252545503,-0.6295787152979334,0.11110373534033596,0.20854851668170468,-1.0984873825617432
203897,Zach LaVine,CHI,2017-18,24,27.3,16.7,3.9,3.0,1.0,0.2,1.8,0.383,0.813,0.341,1.8,5.1,5.7,14.8,3.6,4.5,0.499,0.29,0.34174314540286893,-0.5696445236021193,-0.13360590596412675,-0.028182520319304235,-0.7838701938879059,-1.4310817395729591,0.3449298972984286,0.38537543432662974,-0.11390022268733448
2216,Zach Randolph,SAC,2017-18,59,25.6,14.5,6.7,2.2,0.7,0.2,2.0,0.473,0.785,0.347,0.9,2.5,6.1,12.9,1.4,1.8,0.529,0.27,-0.09040759398198069,0.4815046832739975,-0.5264926796668559,-0.7844134822206348,-0.7838701938879059,0.24648272983988537,-0.7072878315129886,0.09413109938204656,0.13224656728126766
